{
  "dataset": "multilingual",
  "save_path": "model.pt",
  "predict_path": "output.json",

  "dist_emb_size": 20,
  "type_emb_size": 20,
  "lstm_hid_size": 768,
  "conv_hid_size": 64,
  "bert_hid_size": 768,
  "biaffine_size": 768,
  "ffnn_hid_size": 128,
  "dilation": [1, 2, 3, 4],

  "emb_dropout": 0.5,
  "conv_dropout": 0.5,
  "out_dropout": 0.33,

  "epochs": 10,
  "batch_size": 12,

  "learning_rate": 1e-3,
  "weight_decay": 0,
  "clip_grad_norm": 1.0,

  "bert_name": "bert-base-multilingual-cased",
  "bert_learning_rate": 1e-5,
  "warm_factor": 0.1,

  "use_bert_last_4_layers": true,
  "seed": 123,
  "is_enhanced": 1,
  "use_affix": 1,
  "device": 0

}